{"cameraMode":{"drawMode":0,"name":"Shaded","section":"Shading Mode"},"sceneLighting":true,"audioPlay":false,"sceneViewState":{"showFog":true,"showMaterialUpdate":false,"showSkybox":false,"showFlares":true,"showImageEffects":true,"showParticleSystems":true},"in2DMode":false,"pivot":{"x":979.0947265625,"y":4.3765130043029789,"z":998.5424194335938},"rotation":{"x":-0.011177830398082734,"y":-0.9464409351348877,"z":0.32100966572761538,"w":-0.03295399248600006},"size":4666.92724609375,"orthographic":false}