{"cameraMode":{"drawMode":0,"name":"Shaded","section":"Shading Mode"},"sceneLighting":true,"audioPlay":false,"sceneViewState":{"showFog":true,"showMaterialUpdate":false,"showSkybox":false,"showFlares":true,"showImageEffects":true,"showParticleSystems":true},"in2DMode":false,"pivot":{"x":248.6669464111328,"y":-181.73367309570313,"z":651.1300048828125},"rotation":{"x":0.2737036943435669,"y":-0.04095878824591637,"z":0.011667873710393906,"w":0.9608740210533142},"size":1252.5511474609375,"orthographic":false}